-- phpMyAdmin SQL Dump
-- version 4.2.7.1
-- http://www.phpmyadmin.net
--
-- Host: 127.0.0.1
-- Generation Time: Jun 30, 2016 at 09:32 AM
-- Server version: 5.6.20
-- PHP Version: 5.5.15

SET SQL_MODE = "NO_AUTO_VALUE_ON_ZERO";
SET time_zone = "+00:00";


/*!40101 SET @OLD_CHARACTER_SET_CLIENT=@@CHARACTER_SET_CLIENT */;
/*!40101 SET @OLD_CHARACTER_SET_RESULTS=@@CHARACTER_SET_RESULTS */;
/*!40101 SET @OLD_COLLATION_CONNECTION=@@COLLATION_CONNECTION */;
/*!40101 SET NAMES utf8 */;

--
-- Database: `guard`
--

-- --------------------------------------------------------

--
-- Table structure for table `tbl_contract`
--

CREATE TABLE IF NOT EXISTS `tbl_contract` (
`id` int(11) NOT NULL,
  `contract_number` varchar(50) DEFAULT NULL,
  `contract_name` varchar(50) DEFAULT NULL,
  `start_date` date DEFAULT NULL,
  `end_date` date DEFAULT NULL,
  `number_of_guards` int(11) DEFAULT NULL,
  `contract_value` decimal(9,2) DEFAULT NULL,
  `method_of_payment` varchar(50) DEFAULT NULL,
  `address` varchar(250) DEFAULT NULL,
  `contact_name` varchar(200) DEFAULT NULL,
  `contact_number` varchar(200) DEFAULT NULL
) ENGINE=InnoDB  DEFAULT CHARSET=latin1 AUTO_INCREMENT=3 ;

--
-- Dumping data for table `tbl_contract`
--

INSERT INTO `tbl_contract` (`id`, `contract_number`, `contract_name`, `start_date`, `end_date`, `number_of_guards`, `contract_value`, `method_of_payment`, `address`, `contact_name`, `contact_number`) VALUES
(1, '1', 'OK Five', '2016-04-16', '2016-12-31', 20, '30000.00', 'Cash', '', 'John Dust', '071273287'),
(2, '2', 'MSU Gweru', '2016-04-16', '2016-07-31', 30, '35000.00', 'Bank Transfer', '', 'Chademana', '07123');

-- --------------------------------------------------------

--
-- Table structure for table `tbl_deployment`
--

CREATE TABLE IF NOT EXISTS `tbl_deployment` (
`id` int(11) NOT NULL,
  `contract_id` int(11) DEFAULT NULL,
  `site_id` int(11) DEFAULT NULL,
  `employee_id` int(11) DEFAULT NULL,
  `date_deployed` date DEFAULT NULL,
  `days` int(11) DEFAULT NULL,
  `instructions` text
) ENGINE=InnoDB  DEFAULT CHARSET=latin1 AUTO_INCREMENT=22 ;

--
-- Dumping data for table `tbl_deployment`
--

INSERT INTO `tbl_deployment` (`id`, `contract_id`, `site_id`, `employee_id`, `date_deployed`, `days`, `instructions`) VALUES
(2, NULL, 1, 1, '2016-04-16', 1, ''),
(11, NULL, 3, 3, '2016-04-16', 3, ''),
(12, NULL, 3, 4, '2016-04-16', 3, ''),
(13, NULL, 3, 5, '2016-04-16', 3, ''),
(14, NULL, 3, 6, '2016-04-16', 3, ''),
(15, NULL, 3, 7, '2016-04-16', 3, ''),
(16, NULL, 3, 8, '2016-04-16', 3, ''),
(17, NULL, 3, 9, '2016-04-16', 3, ''),
(18, NULL, 3, 10, '2016-04-16', 3, ''),
(21, NULL, 2, 1, '2016-05-18', 2, 'armed guards');

-- --------------------------------------------------------

--
-- Table structure for table `tbl_displinary`
--

CREATE TABLE IF NOT EXISTS `tbl_displinary` (
`id` int(11) NOT NULL,
  `employee_id` int(11) DEFAULT NULL,
  `section` varchar(200) DEFAULT NULL,
  `action` varchar(200) DEFAULT NULL,
  `date` date DEFAULT NULL,
  `notes` text
) ENGINE=InnoDB  DEFAULT CHARSET=latin1 AUTO_INCREMENT=4 ;

--
-- Dumping data for table `tbl_displinary`
--

INSERT INTO `tbl_displinary` (`id`, `employee_id`, `section`, `action`, `date`, `notes`) VALUES
(2, 2, 'Intelligence Section', 'None', '2016-04-16', 'Sleeping at work'),
(3, 1, 'Armoured Section', 'Terminated', '2016-04-29', '');

-- --------------------------------------------------------

--
-- Table structure for table `tbl_employee`
--

CREATE TABLE IF NOT EXISTS `tbl_employee` (
`id` int(11) NOT NULL,
  `employee_number` varchar(15) DEFAULT NULL,
  `firstnames` varchar(50) DEFAULT NULL,
  `lastname` varchar(50) DEFAULT NULL,
  `dob` date DEFAULT NULL,
  `id_number` varchar(15) DEFAULT NULL,
  `date_employed` date DEFAULT NULL,
  `job_title` varchar(50) DEFAULT NULL,
  `contact_number` varchar(50) DEFAULT NULL,
  `address` varchar(250) DEFAULT NULL,
  `nok_firstname` varchar(50) DEFAULT NULL,
  `nok_lastname` varchar(50) DEFAULT NULL,
  `nok_contact_number` varchar(50) DEFAULT NULL,
  `nok_address` varchar(250) DEFAULT NULL,
  `nok_relationship` varchar(50) DEFAULT NULL,
  `bank_name` varchar(50) DEFAULT NULL,
  `bank_branch` varchar(50) DEFAULT NULL,
  `bank_account_number` varchar(50) DEFAULT NULL,
  `picture` longblob
) ENGINE=InnoDB  DEFAULT CHARSET=latin1 AUTO_INCREMENT=3 ;

--
-- Dumping data for table `tbl_employee`
--

INSERT INTO `tbl_employee` (`id`, `employee_number`, `firstnames`, `lastname`, `dob`, `id_number`, `date_employed`, `job_title`, `contact_number`, `address`, `nok_firstname`, `nok_lastname`, `nok_contact_number`, `nok_address`, `nok_relationship`, `bank_name`, `bank_branch`, `bank_account_number`, `picture`) VALUES
(1, '122', 'Tinashe', 'Mek', '2016-04-22', '45-195645A45', '2016-04-22', 'Officer', '0782326160', '640Kuwadzana', 'Hamilton', 'Mek', '0782326160', '640Kuwadzana', 'Father', 'Agribank', 'Harare', '2563656723', 0xffd8ffe000104a4649460001010100b400b40000ffdb0043000302020302020303030304030304050805050404050a070706080c0a0c0c0b0a0b0b0d0e12100d0e110e0b0b1016101113141515150c0f171816141812141514ffdb00430103040405040509050509140d0b0d1414141414141414141414141414141414141414141414141414141414141414141414141414141414141414141414141414ffc0001108008400b003012200021101031101ffc4001f0000010501010101010100000000000000000102030405060708090a0bffc400b5100002010303020403050504040000017d01020300041105122131410613516107227114328191a1082342b1c11552d1f02433627282090a161718191a25262728292a3435363738393a434445464748494a535455565758595a636465666768696a737475767778797a838485868788898a92939495969798999aa2a3a4a5a6a7a8a9aab2b3b4b5b6b7b8b9bac2c3c4c5c6c7c8c9cad2d3d4d5d6d7d8d9dae1e2e3e4e5e6e7e8e9eaf1f2f3f4f5f6f7f8f9faffc4001f0100030101010101010101010000000000000102030405060708090a0bffc400b51100020102040403040705040400010277000102031104052131061241510761711322328108144291a1b1c109233352f0156272d10a162434e125f11718191a262728292a35363738393a434445464748494a535455565758595a636465666768696a737475767778797a82838485868788898a92939495969798999aa2a3a4a5a6a7a8a9aab2b3b4b5b6b7b8b9bac2c3c4c5c6c7c8c9cad2d3d4d5d6d7d8d9dae2e3e4e5e6e7e8e9eaf2f3f4f5f6f7f8f9faffda000c03010002110311003f00f92355f0947a6b241617061ba7678e43a8baa8842e4330656c152d9008049c93dc67958fc2f7d3c72dc3c90a40ccc33e600d9ee719cfbf4af68f8c090789353baba8347682d10c2e2436fb5a22ca225494b6dda00809db80012dc7a79cff0066a6aba72466f1adaf21711aee8d8c52a13c107b1e4f1819fcebaf18ad36a1b2feb63cfc3b6e09cb7336d34b8748bc95561379b1411014cb151fc591c8f9777d38adbb38fc38f72fa85989f4b75950a40b2a989e3230c1b2410739e471d78ad5d1bc24633a6dd5c5fdc5aa3c8891c8f200e13f89802c31b70490480077e41ae7f55d15ad6f6e2de7b881924c3c32185417190370da4919c93c63d6b8946b285a5b3fbffab1d1eeca5e674171aa69da3594d6566d6b3a94576b6b87dd9c6589c80bf3703907a60679e717407b5d1e55b5ba8e73f6975f29af8130c3c828572181192739182a7be6bd27e18fc34d2b52f1869da6c9a849235d2bcff6b4b1c1507ee9412801b386c0c71f311d05747e38d14787bc25e2bd26fb5a92feef47d44592247a5408ec5903a1f3705ce723761874fe2c034e96024e2e4f45abd7ba57d6ff00d5ca9578c1a5bea97decf18bcb793c39e2516d7976b02fda48bb8ad9cef0d9c123e6c1e71f30e08c104d757aeea7616265b7d1edae4ac71086479c072b2364ec38ce1415c7232718e3391e6c3508af6f51ae5e79ae62917696218ca9b89201c641008c673dfd85775612eb5a5ead31b0b6911559ae5028f331ced2cc47230180cf0393eb5e3d4a709ce3ed34fc17fc13b945725d2bea363f155c4cab73ac22dfca2d560df1824aa8c9c7504720658123071d38ac6bdd63fb566b96667952194b410b9322c5196072bb7006471820f231d81abba6e63b8b0b392296e19a4788410b108ca32b8dab8ce783839ce07ad4f63e18823d0e195269ad6e64b669260ebf211e685014819f4ebdcf3c7357ec69c62a71d3fae864e52bb44b66f633dddc6bb7b6e2e99cb40913a04f97cbc28190db4ab1ce41e7bf705facde4ca6ea3bc08f733c4184921f311832e43018efc73dbbd62a5a496d6ede7ac9e403c83f277e833d7ad6e5b68d35bcf68582cd2dd0cc71b8cb6c23ae31d7d3dc573a8b87b9ba7b2049c936fa1ab65a4db69de1986eefb4bd3d66bb87093c32c6648983e7708d49607b678181d3824e969b651c771e65de9f6a1af2611325c82d2b8002aedcae001c7d4e7be0d73d1c7e5470ccac6584970500f2caf5c743fa7b62bb269619ec74bba995de5762673bbe47cb1fc4e4609273c81cf415c32a6f96524ff3fb91a39c6cb43b66b2bf2625bdd26ff45d11634df22403ca60576e4b0040ea0e491c6790315d2c1a668b6de28b59ed9e30c91f27ccca1c2b7cc1323383920fcdebd09ac7b6b36be56bd92ee4886cc79524a363a05dac08e392bbb047a8ef8c63c5e19d2ae2fd9bf776db20440a07c9260edc723e56202f4eb9393935e3722b72d46d2b7fc3fcfef2b9937ee9f4b695e2ed1efaf74cb18f4c6d5a650b3ba433099a79195d780d80bd41ce40033ed5dffc3cf0743a45eeaba8dd243fda7a83891e2dde6476e9c958d1cf2402cc4b1e0b31c0038af98fc292be9902cf711fd995e4223790b2ed38ce379395ce7bff003aedd3e30e8367672e99a65a0b7ba58bcc9e78df61cf032c14e1873dfbe2bf42c8f37852a4e955b28c7af4d3448f131d84752d28eecfa72cafb4f766b58e689f61dac8bd01ef9ec324d45ae69b62229efda3335d430379679658c0f9b217a0e40c9ea7a5780a78b9b4bd22e16dad23bfd5a29c2431f96000b211f36ec8c1c0ce7d075cd66785be28f899af6736f65713db392277f399a300e4a820924e41ebd80f4181f4387ce286257b48ded7b7dc79f2cbe71d1347b0788bc23a7ebf607509eddae25b98556060843323738238dbc2ae4e474ae4f54f83d2f8634b516d796f6d6a57625ccf1996482405c0c1c80c086e8c0f703f871e93e0ad566d5b4fb56b9052765611c736548c01c9624eeefd3debb04d3a184c72ea134512bb88a30cdb03393f2edc9ea7d075aed7569556aa257d34febfe05cc52a94d7237ea7e32ff689d2af3ed25ae20956513a5e3866948c70ac1c9523763f3fc2b7be197c585f0af8aaf67d63428fc4560cad18563b0c6a5b2eeaa772862b919c761ee0fdeff1ebf66cd28787ed6d7c2fa45bb116c22164d12133b0cb2b2b1c316f94e46ec1c0af956dbe1fdb5ff8facadae747b2b1d40db07df787ca85dd412c5979073b71e9f377eb5e47b0ad87a90749dd3d9dbe5b3b9e9c2b53ad09292b58e67506d2e1b0975dbdd39e5d2f516916cace39a268ad06fcc7960db9d94120a9033dcd4fa77862e3c6fade972d95d5be9da4c31cd77146f3a492c285806dd900bb310d856c9e7a9c607b078d3f663d5f41f0fde789acad20b0b681e17bad11143c522291970377df0183e3006188e3a1f2ff0011e95e1ad335051a2cd7f74858cca64842b463396c60670000723a57a3523ec23792ba5d17f5f874392335525cb17af7febf3ea6878ea487c3b6da2f897c310ff63dce9cb18b516dfe8f22e1995e478db76f0f93d7b63df1e2daff008875dd57c55ae6a325ccb713ea732dc3c89bb633edc31233d3048af4cf155ffdb6c622d6f766f15985f5ddc07708c64c267206c1b4fa9ceeed5ca68f60facea934d75233412931b3c672db157818eb9381f957838cc6394a4b68bd75ef6b33d2a1454126f56b4fc6e79fdb78536432de2812c88a4b7552083c3703b1c1e7dab7b42d46f34bd652e21bbbb919d435c9b8c0e87241ee79f43debb4d23c3b6d04a82d58ddda2b1694c9272020180a32bef83ee315a9acf84ed6f3c351dddbd9b42b3387b655386da1c672bceee33df39279ed5e32fdfc65757b791e829ba72567b9868f3ea9a64fa845691c6cb204468e3c05f94120e4f24ee3c9e727a8c565f883fb4ad2684428be4f9482555836a8c81c6076c82473835d45ae93f62d0f522b229417091056caefca31ce7d7008fc6b47c6facaf8961d3a38ac20494a449be2ce70a3ee9c9e4631d7b83eb58e1d41426e5a5b62eb397324ba9c3a4b3eb37f62d7502bbadc0370ae3629f2fb71edd401dab7356d6f3299d0ac17224397863d8406249c63b0ab5e1dd2a0934bd4268035c08ee3cb691500fbec146d03df3ebd7daa978874c8a08244b47374eb1c6e0c6a480083bc1cf190718c7f8d61ed1d49b9a5b6812f762a0faea5af0ec1a6ced22493c612409991f0a50eec9e33f871db35afa0ddc13c2b6573b65810318cc5857240f94f3ce3b0cfaf38edcec42e6c208ee5ed732249e5f92ca319e33dfae7350e9daacf710ccaa818ff00ab79163276e4e7d40ec3f3ae2aaef2e6891aec7a5db789af64d3d92cf421771c642a99c86da727aed3c8381c67f86b0edcea3a9c52ccf35bda17e0a3b615970785039fe13fd4f5a93c3b6adaac6918d4a2b59b1b2378a464dcf83cb060413d07033c1fc60b8d161d12e2ee1bc9505bae0bdf408727a8391cf76e78fc864d79b292949c1db4f56c68bfe1bd7efed6f4a5fc90c76d1caaa8892b82ea3ef01818dc783924722b51fc2127893c429716b71f65334bb96189c224781f74b64f191fc4476e7bd2f87352d1ede68668257b87807cf3249b554b104001c65b8ce7d6bd1b48d3ecee625f26241049f336f754c138dc32ce0b0c8e71d2ad4649fb9bb3556b5d9811784e0f18c96d1de6a57ef3244611b2e4c20f5cf233bb241ea71f8935eb9f0fff0064b1aa23c31f8b7c53a6c71a6e696d751291bc84e33b719070318fd6aef857c1fa55995d41ec612641e5cebe5bbab2b1036a95dc071900e7ae6bda35df175a7c3af038bdf0ada25daa7ca212d98622a8090cdf7b3d07d4f38afbaca701529c1549bd3a2e9f33c5c4e26cf911f3e78ebe1627c24d72dcff00c2c3f14eb3a21021b9b0b5d75a2bbb666c02fb067cd18fe15c374e0d4de29d1fe1f6ab65671e83f1535a6d6f3237dbe7f10483ec81607708e2460c09745e157391ce3e5af32f8bfe2ef899f133c4369a9eb3636da7e8f6980ab3a23dbc4482c77ae371e06769c9e17a919af0ef13eb0bab69eba8c93ced3a5dc91c28f6de5dacb12aa0dc18924bb609607a71cf35edcabc297bd15b2f93f439e309cf73f63f51d11af210b1cc6de55521255504afd339fcebc43c4dfb3af842c74ebbd675d69af2ed4fda524b89db11385dd85c1e417cb60e739acef0d7ed8de18b583cad6ee0c3322e4bae0890fb7231fcab9ebbfdb17c3fe299e548fc33f6bb72ac8ad2cc40743c33631c71f8fe55cb85cc6124a51969bedafe3b1788c2f2b765a9e85a07842e75fb3b9d2e649e3d38a078e196721db2a321c0e07cc3dbe9d2bc17e3e7c27d4b44d1ee1acb43b2b286191416b0806e214363e6386724724e4743c735eed79fb4068b61e047d434a816db529a4d82371b9776064e7fcf35e31e21f8c9ac7c45b596c75791a0b42a24592d2318f97b023d4e3bfa7d0f7cf31a6d3e66945fde702c24935cbab5f71f1eeada9de5f88fedc62322f243a0507049c30503fc9a6699a05eeafa9db4eb61f6832ef95b1180857bf030028e79e2bdc74bf831a76b492deeafa808f4e4906e922218e482769ce31d864f7af44b6f02e91a4cda10b6b79ffb02fd1e0b5bcb9b90648158ed6ddb42f1bba06e0127ad78ea12acd34f4b9ecb94292db5b1e17f0efe142788f5eb286286782297cc060b4612396503a93800124727d73ce315e9775fb35ea561e19d62f604916cad406899d46e7cb8fee93eb5f46fc22f837e1b6b8b89e4b1fb74103285d5924223948c1e00c7183c939e475af74d37c3ba45a24d05b0468e40c1e13217520e01054939e9fcebd54e8d08b85ae79ebdb566a49d8fcbcf10f852e3c2fa0e9856170b7065b89015053232aa08ed8c139f71e95e7d7971676ca516e2192e840cd1c3183b548c8dcc08f607bd7e91fc5cfd98347f12e9d35c6952be9d70aac562fbd1963d075ca827eb5f9b1e2ef0c45e0bf8b90e99ab42b3a5adcac72f90e2452a48208ecd907a1f5c1af98c661a3183941dd6affaf9687b94ab7b59a8cd59ab13d86b16ba5e95a7e97a7ce2fafe6cdd5dbb43f22481832aae71bb01739c756c0cd26abe25b8b68d43e952bacb1b195d132b200a00c0c1c1c119e7d2ba7baf0df872ff00c6f63ab5ab3e9fa319bcbbd89e4c88f95c80141c2f5c0e7b6735e8fe2af83963e2f86e21f02ffc4f63b08cf9d149751bcade695c3c6362f18083804292fd0f278b0d4615a8370777fe7f76c5e22b38d5b35a7f5f99f33dc6afac788ed25920b52226ca32c89b5b76f0772e0e73d38f4cf5c1abba76a50da1b98a34ccb24513c306320e4e092473ea7a7522bd8bc75fb336abf07ee6dd67bcfb5de4b6a935d5b40ca0c61c85dadc03c73db9c120e315c741f0f6e16d2dee6e639a5b2b9591639e48d09322a9081548f95415e4e47f8f055a718557467eea17329aba24f08f872f2f3cc0fe64056357057033f3738c73d371c9f4ab761a0e99aa5d5f79dad32c4d90968064b91f7430041e481d013c8fad72da6e829e1bb7b5d42049b557dee92fd91e58d97a2870d901909f4e878c106ba29b479ee347be9ecf4296c8c972b6a27f37ce5f333b8a96e4ab1504807dc0e831cce1cb3bad7f2ff334e5b2236f11da29b5d361b08d0459de50727d393d074af6dd0e2d5eff00c3b713e99a722c368866dee840214365871d727a67b71d0d70fa0785bc25225e0fb44b6d64a665b5d46e7e5323ac4328c83900c8dc7700f3ce31e91e18bcfec38c359a4735a3c655e19e460010082b8ee320f3f4a8c44e9601c79b54ee9ebfd7919ae6a89a471d078b3c53a3db413473dddbc314d960abb5215df908adf893dbdabd07c05a1bfc46d2d8eafe221a509a632a4b1ab2bb3ae32092c03e703a838c13c75af02f137ed23ab6a7afde59d9b42b13048238e6b68f0db4e39c80074ea7f3a66b5f1c3c55e0fd261d3c5fcf03831b811b01b085e7a72339ec79073cd7d150c6ca838c25f6ba1c73a4a7aadd1ea5f16f417f06786efa387c4177713cb3846b559d105d03f7738219d54861800e492781d7c067f065d3da5c5c5d18ed2d9136c96f3ed5ddd72c3d0838e0671d09eb519f89f71a96b76fada5edcc9ac59fcf0b5daa4ca9b79184704607a73deb135ed7756d7f53966d4269cce1bcc9a3824f24cecc7efe002b9cb2f0063029d6c4c2ac5269c64ba741d3a6e2fb9ec9e06fd99be21bcb1deeaba0058253b9bccbb8a4dea723230c78f7cd6f691e0bd6f46d6a2d2ccd0d8dbf40a9205600e0e03a923bf635e9fa37fc2dbd4921bfd5f50b296e5908f20c442a6d23685da401d3d2bb0b7f0dddea2165d461884eaa092900e4fd7ad7cbe2b308426f4baf26ac7bf0a0a6968cccf197c21bd93e1d868ee2cee2ceecc770a6dae1374580d93f374271835c5693f0fefad0c76f6e82e4187cb8d4c91ab80c064819059b18c0e739af605d3248ec8daee9de2c0014328000e9fccd4769a2c56ec9b2d244913043298c1040c0208e460570acd13f7795dbd4e8fa95fa7e054f0bf80b4a5f85be21b6d516dace7578d85cdd2ed6caee017a1209e9c0aafe01f03e93abdbdd4535e447ed0823893c8778c498246483807238e0f7e2b767f0f5bea16ef04914d246cc1d834991bbd71c8cfbe29f61e1f8b4ddad6ef35a4aa7723205520faf0a2ba566b1b2528bfc7f40583b5f46745f6ed7f4ef06a69f68ada7322ca65072c264c1dc400a718cf5ae5ef2c3c48da77f695a5f4fe65ab6e58e166caa8009e38e3193ed5af6b14d6b70b209da4c36583151bb9c907d41ef486da5901533ce15b248120c74c761e95d2b388a5f6bef664b2e6deb1fc0e72f3e2278bf548951f588e08de247313ce0e4f3d8f3ef8e6bf3e7f683f14b9f1d6ab31945ccdf697589a1f954e1b3b97d01ebf957e8b5d7832c2ee677f3e758f390a769239e392b5f0d7c7af05d849f103c4525b2195a2b911a2ce3254edcb9c0c672c723f0af5f0d98c7113b2be8bcff00533ab96ba6b9bbbf99e1f1f8bbc632797732bfda215f98452862a47e75ec1f097e3adc18e5b7d3e79b45d799914082574122839243a2960010ad8033f2f07ad731e19d32166b9d32f26b78a39a3650f34db56063f74e33cf3dabdb3e107c39f0d6936163aa78aeced45940b35b2dcac613258860fb9465fee8519e99ad278954e0d5b45ae9a7e45cb2f4e3ce9db4d6e72f22eaba9c3aa5debfe2296f351fb514582e16e1d9a23f2fc92b8c15036f1c3577a7e04ff6cf81edf4fb2d725b4b48ee3ce8ee5addfcc75d92300c38eac76e39c605751ab6b5f04dc797713c87cb062da866fba47a631f43db1c5533f127e17e9a9b6c758f1133b0e3c9b997d3d4b03eb5e454c5b9b4e8d295fce2edb58e3f634a2ed2a8bef7fe466e83f06b5192ce0b217d305647d971756af11041190eac3d948ebfd6b3b5cf80779acda9993c5771a54a6592590dcd9c91c5238276b160d8ced62a180e475039ab70fc71d0f40129d174ed46677e5e5bdbb91b79f539739ac7d77f686f10eb113456a63d3948c130312c7ae3ef12075ea00a9a2f1719b6a9475eadb56f96bf88549d0695e77b76ebf8105dfc22d6b5ad0f4bd3d35f81c6917b3b5cdf195c070f1c4cb82464e02e3ffadc8debaf0d9b7f0d2db378ef4f8d276f3e616e8ed24479fdd13b0027dc75c5797c3e37f10a3dc32ebda92fda1b74a3cfe5c81819239e82a397c61ad38c36a574460afcc4135d7570f52b34e7cba6da7fc039feb14a3b2279be00d9ea17f135b78af4d21943191848327b83f29e7bfa71f4a8fc75f02b509ef51df5ed3efc2ed50d9742ab93c72bcedfe581ec3226d56f9be76bb909f5ef54deee79e52d2ceee0fab74ae950adcca4ea5ede48c1d7a7d21f894aefe0b5cc17cc8baee98c800db2abc80313db95c8c7e5560f852f3c286d6e6e2f63d4ccff002ed8d9c2a2e3e6c1c00460638e9915188e19d8efb87dcdd06ee2af694f368bafe91369f75e62c6cef2b4e0385e06000463935d7ec7dbfbb292b7dc4aaabb58fd1a9b5eb5810b4930451eae08fd0d625efc43d12c8932dc918ea76e6be7cb6f0c5a98d99344f0f0cf00b5fcd28fe429eba00d8de5e99e1b0d8f955610d9f5e4b66be4bea9453d5bfc3fe09f79f58a8d6897e27b35e7c70f0cd983fbe99f1d923fff0055635d7ed1fe1eb65256d2ee623d768feb5e5f1787f5fb9005be95e1a0a7a3f97c8fc055c1e0ff0016b91b2df42473d1562381fa574470d858fc5ffa57fc03075ebbdbf2ff008274779fb56e9a0b793a43b63fbf7007f435cfde7ed6473fb8d1edd4f5f9a567fd062b2351f05fc479622f14da64483809022e7d303e53d6b9cbef027c446658d9bcd98e541b7448c8cfab9031f9d76d3a182ed1f9c99c93ad89e8dfdc8dcbff00dad3c4057fd1b4fb54f710b311fad60ddfed4de31b97d9f6a16c3fd8882e3f315c86b1f0e3c5eb130bcb69e671cf9125c2bbf4ebb724d62afc3ff112ddf90da64a260c10c43e6704f033e99c8fc39aee8d3c1c55d463fd7a9e74f1188eb2677b67f1afc5be23d5e181bc47770e78d91ee2ad9f65ebd6b9af19e91addb4b797f79349751ccebb2f9d595e560a0b02ad8391c0e9d077aefbc11f0975ad3af18ea1670e9cea15a2bab6b81b94f71b57afb83c57a87883c036de2ff0ddc59df4f2c932b8f2ae198b3c642f5c9ebc93915f2f8acd6951c428d3b72f5b5bf40a75a5cd7936cf923c396bf69d66079631bddc7484b679fd6be8ff0087be158bc5a93d8ea96d2c5a7f19b88db6c36f309118315ce4e4751c8ebeb5e4727c1fd6f4df1d5ae98d6ed70cff003472c7c230cf52dd80ef9afb4bc11f0decb40f00dbdacf74cd7426f3a69d000a490176807f8471d7dcf1db0ccf39a50a31f66f57aab7e67a94eb4527757b9f377c69fd9fff00b7fc413ea9a36a6da634e0b1d3e1895218c81d1700e075ea49cf735e19a8fc35f12f87646fb54576e98dc2471b908f5dc16bec7f12f87aef40b8375e6f9d1c0e7cd922da55939c0643d0f039039c9f4aa30dbd8dcda8b28a48b11824c720f29c29c900607624f2083c0e6961b3bad4e0b9ad38f7b7f91c15e146a4ef08729f1b43a6dccb36c4899e61d9572723daa1921983ec9536e7b3c4057d33a9d94d1c9d16220e03842db493c70dd0f5e4373f4e6a82309f532da96990dcbb3605eb5b2ec66038c0c724e3ab63ae73922be869e62ea2e6e456f5d4c960d4ba9f3ac418be06f500740c719c55e874dd4aea1cdb5b4f3c5d77a06247e95f48436166f711c7f6010207e0808b93dc8c0c9fd3a1ad5d0f4b1010b1dba078c6cdd138c0cf3f7b1903ad4d4cc5a5eec0a7972be8cf98ed7c29ae5d9c47633bf41c0cf535660f03ebf39012ca590838f95738fad7d2dabde5ddbdc89562b88f8da76e1d391dcf53deb8fd72eef2157bab689bcc20ac844433df9c6320f35c7fda38893b28a57f3309e023176679949f0b35f8c86934f970a30c026493cf61dc647e55d0f87fe046bda8abc935b3a5b6dde8cdf293dffcfd6b47c3be35d4ed63b94ba92ea56505a32e9c9efc1c9e95ed3e0ff148bcd2ece54d410a67cb7491829524751ea0f5f61fa70e2b30c6d04d597aab98ac341bd88e2f0069b6333492e996773196e17eceabb7a0c6463f2c574365a15ac280c3696b08e3e58d5437f2a896f648e58d581589fe552a858a1e7a9008eded56a4d8a4cad82ca319e47e9f85692a9396ecfb0508ad913476cd1ed4954bede791807e98a1d7f7c8aac42af5404727d092334875324851f39030554e6a8cbac39284a8490b70c09000f7e2b077b9ae88d6fb64d6e412580ddd002303ea7deab6ad7715cf9d68cd3349fc726e200247181bb3d8fe559f6c6e05cb7da669a1646182eca4489fece09c76e48ff1aaf7d3a5aa895fcd204aaecec81c28c819e067d49fad4db525ad2e32cad44a24336f8d812190b07c0dc483ce79ef5e3ba94b77e3cf108f0f5b5dcf67aed85e9b86d918409b090aee42e0ae08200f51ec07a7d9df5bea3a9ce6de39628a17c248613109704648e39e7dfd73ef62cc5adbeb179789046974f18124caa03b804e013df00579b8cc7bc23708af7ba793fd558f1b15513f723f3366dec9dda25965f3a5c65980da3a7a55801ad449c654e4e3de9da21f32dc4e792ea31f4c549792050738af955cd2f79ee78edf2b3e79f1b6b5abe9ff0017f4f7fb6bac8ea86000e114138db8e87bfd6beab8b5892f3408226063976ab4883a74af963e22dbaea5f157c3b0a63cc6741b8f60ae49afa1343be799e6563cac6a307d8d7ad8f8a950c33b2bf2bfcd9319b4e5619af68b6fafdb9b7b92db64e095383fe7fc2bcc75ef036bba86a32c30131436366d345736d314332023281338047b71f9815eb97b2c4bd24552c0328638e7d7e949a0de8636ac506f8d181c8fcff98af32862aa60a7a6a9f73784f9968cf15f0f6a1a8084c2ba95fcc5013179cc9231cf543cf2bc76e95a533c9749237923ccd99977306f3307b800f3cf4abbf10bc3e743d5ae0daa42a198cb12905772b7f0e73ee45725a4da6a1199ae229441b091f67b98f279e47a6e5ebd2bef29ca9d482ad0ea7ab095a29a474cac935b2dccd13c326ef95d148041f61df8ef83585abcbfd8d78670d288e6196518618ec08edfe79a91754d4b4f8e69a58ede28938c47230dc4fb1e9919383e879a6ea9a8a6a3a134935e18900085a1914a293d3fc93549ca2f5d8d1cdecd1bda65e26a5a542e5da30aa3624b1b72324761d3ea3b7b556f1178110c01a399048c70d1ed049cf6c919ff0022b80d052e745d4f75c6b5790c4b9c3f9b9555238cc7b4f5e99c8eb5dd49e2fba31f9531595e48c08832174619e7e50707b119ac27ed2955b5377463ed5ded2464def83d536a4703190a7cee2d84801cf7c1078f61f9d25b695a95b5a18ae16232238db3a80b81b4ed2431c8ed9217f9d50d5fc677b677d28286de16c99248a52039e338cae7f006b92d57c77aaeae92a5b34b710c7c1f371e6633e990c0e7a7d47bd76c284ebd9bd84d536ef667d30d6d3793179323888283fbc38caf6fa7d3f5a4fb32468d1f9b23f9a30c1472bc9fbb81d7af3ed4e5d420b0dcf31924665ff5ab116655cf738c003a7e1deb496e43c3ba3195c0c77cd74ba76d6c7773b7d4cfb7fdc1116d68d1703cd2fbd4fa6493934dbcd3e19c088e42ee1b5c9e3393c027d78e2a8788750d5d52dadb4eb5019892594ef2b96e7391fafe59ae625f10de43290b14be6c526665338002e70792471c7e95cb3d1e9b8bdad9dac75d7b63346ccc37c85bac8e0b171d00193cfe7daa10b1c4317a515f18dcedb0918faf3c8af38d47e2bea69733aa59288e3eaa67f9bdf273f97d6a6d07c4f79e287736a0840ff3bf9f9c2e0127dc7cc071c7d294e94a31729688a96269c7767712b8486301cbe1400dbb391dab1d15afb5610ab155607791fddff3c55ab99f80339c0c66b9ab9d625d3750f3626da41c3023a8afcfeb55f6d55ce5dcf1a527524e48f53b32b1c0141c63038accd76fd6d96524f0a818febfe151d85f79b146778c30ce4563f8f6fe0d2f40bcbd948114286473ea0026b38cb9a6a2bab39a51b23e75d7bc6be77c5ab0959ff776b3a2139e84b0cff3fd2beabd026dda8c473859d4673f4cd7e7849acc97fabdd5d331f36490ca48f5dd9afbf7e1edfc7aff0086b43d44e1bed10a9707fbdb79fd6becb88708b09470ed7456f9effe670519734a476d75a1c538889790745033c0159f2a1b1d56f149e111482063ef63ff0089ad532982c27999fe5b646936b7206d04d71835f9f51b77b8b861e649b4600c600ce07eb5f035aaa9c6c7a34a928de48def19d88bfd02df5111acc6dd4ac8847054f1fa571fa7496f7b6735b3dbbc4bc0de08c903f5f4af47f0f3c77fa33db4bca4ca473f9579ddee946c6f2f16269d6de276565dc723e5e7b639ebd7d6bdbc0e264e97b3bdac6f194a3b3282e9515d0922924b94797211c2a94006793cf5e7a75e2b3acfc2a2d7cf89ae6d6ec300c9e448d03861ea3041e0f7e9523cd7b7b3acba7cab74b0e58875ddb8038c02b8c93d303ad2ea3a75aea924734974566180d140c032b00327d719fe75f434314dfbb3d2ff00d6bd8eda75d4d7bcb539cf15781dd211726e7ecb22c9bcc432a9b72739dbc9edd85729a86b1692fd9da7bd95847b8950edc2af6cb753d48ce2bd5135bb4bf88db5cdf99aee050919b8fbfb70318618cff4cd616b7a6d95d34dbaccce8f820095738c75071c75c67d0f4af668cb9acaa2d51bce9292e6479ac5e25b4b2bf8258bc43138e764777f3a1240041201c0c3772289bc3be21d52cee3fb3b646db09945a303bd7d570471838c8c8eb926b6e4f0b5ac3bd22649adb7f9ad6f26d748f05fef038c9201e7db9f5a7e8c2182cd05bc164ebba50248a252e067eeabf3919031b81f627b7a0a297bd0fc8e65077b499e837de3d875bd38d8421eded973926507cde71927b8201ea302b3b50f8816a91c768f7cab750379b190e15801d082481ed9e7fc3cd3c3de283e30826162b2bcb147978ad633f22a818e7079ef81ea6aca58bdd4b359269cf73346485372a1648db6ee07e5e40ee05733a7394da9e96e9d8c235253d8eae5f8a171657b7171a6dc5dea569103b91c160abcf3c2e3d38cfd0d717adfc5d3ac413e1a30c54eefb4424ecf5e9939e78e805614da24cd737b682c6da211a3cac49663c91b881d18f2303fc2b26d340b7d49af12dee9ade5847ef51d36eef9b69da0139ec7d39e0d7ab4a850a6afd7414ea554ad1d8eefc17ace87e2a81e1bcb9b56d465e4a451c8a8cb9c9cfcbb7774e4faf1cd7a5f83b449746b57b4b8920b55019fe41c050a382413e83bd787689e1dd2bc397cb7f77793bdb0e167081e257ea014deacd8ebd0ff000e460d6949a943f62b844d4f50bf9a78c98a78a0ff0058dc632339efd39ebefc78b8ec3baedc20df2bf23995f792d7d4f61bdf1058db5ba4af70912b8ca3487686edc67af35ca5fde9beb9fdd3a9dc33c73c7ad7cf3e25bfd5b4cd19e1bc6952169833aca064b1ce0faf63f99f5a67c25f1f5af877c6491dee059df0fb33ca4ffabc90437d32067dabc3abc392852955a73bb5d3b9719a51e63ec1f0ccf28b1b6121e4281cfd2b87fda37c43f61f00dc5aabe24ba65887e793fa035d7da5d450411ed60ffdd20f515e0bfb4deb825bad2ac8370a8d2b0fa9c0feb5e3e5386f6f98d28be8eff76a655a5fbb6cf0bb22d0deab30caf438afb97f67cbf75f01e871ca72851f67e0ce057c316d708ce791d6bec0f833e2bb6d2fc13a55a6a0ff00636455304d8241dc7233f9d7da716272c1c12df9bf4670e197ef0fa165b81268f7aa3e6668fcbf739e2bccb5dd5adecb589ecaddb2919556c1e036391f856778d7e3e68565a46a56ba4caf36b6d1b45be25c44afd0b64f5c73d075af97adbc7fa8dccec64bc9b76f2187987939e6be1705916271517526b9574bfe67af19c79b951f6ef877c5d69a75aa9b9b85891580f98fad52f15f8ce3325d3da852264040e090c30391eea6bc6bc0daff00daf4360e86e11a4459540cb950afc29ec482c7a1e9daadbc82e6031c5702d6ea79049e510036548f520118ea3d6bdda192c6836dbbb3a3d9f63b0d33548af2c64882a457524614187fd5b7cc7381c60fd7d6b075cd1ef6379af6d65db72850b4520c6f04606dcf0723d33dbd4566d86ab21bbb4b0f27cdb4970a188dbf3e3ae4f2b96e99cfa6687f192e97a0dda4d75e6cd2799e5609720a920f07d3031ffd619f469605c257b5c70a514bdf31afaf756bdd3da1f2e3f28959bcd921e607520104e3238fd0fa551d43c5d340990a52ed50ee8635013079ce48da401838201f9875c558d3b5c112c0bf6a83ecd7b117909c86ce00c6e53f2904f719e4139c603f56b9b7923bc596536a1c6c2cf21612ede475008620d7b90a5cad2b16b45a336ec6164b6816efecb6b0326e0761df21186f9415003618670707231d735aec3c3975682dc3ac458fce9771f97f30db9760f8e3046197bfd2b828bc5330b255f2caf970a14595bcb69085036e0f0338e70318eb5713c6b64aac2143fea9e29c021880e4e5467d338ec38e9e9afb19b7a5c7ed22913b4dff0008169faa49a52846c1c79993c994827823271c739ac4f07dc4f746eef24b891a49a591e55e36c8403f7b8cf6ec7fa51451ff002e79fab6aff81c159b8d4518e88ec3c392beade1db3be99b64974de598e21b51109c1551e8703a935d49d274f8bc3d0de7d82de4bb9b05a691493921b2719c73ee28a2bc6c549c711ca9e9735c3c9cea7bcee79e6bfa4dae8da3ead3dac2a924a220a4a83e56402db38e093d49c9ed9c139f33f1834da3c1616967732c3032ac84641396392724668a2bdfa0949abf9fe4638ad1e8713e2e9fcef0b5d3320f3d2ed14cdb9b730f9f8233b7b0e805799cb3badec183fc5fd28a2bbe8f5f5ff2395ff0cf4bd0fe277887c316b11b3be2d1e42f9530deb8fe9f8566f8f7c5d7fe2ed463bcbef2d64f29576c4085c64fa93451511c3518621558c1296bad8e2726e16b9cc4533acf1e0f5205753a7f8e359bdb18c3deba451de2469147f2a80ab81d3af1eb4515d9569c2a59ce29d8ce0dab9b7a2bb791bcb166704924fbd72515d48bad5ea86c013b014515328a51d11d186fe2b3e9af8216a97ba11924c899273b6553f3282a0103d88ab9ab9365790c2ac5d24b79273bfaefdc14904631c5145796e29ca47bb777472d3eb377a6a9b68252a8abe6e5be662df2f527af535cf78859a4b7b4903b46dbcfdc3fed38fe43f9d1457452495998556f5465e9f7938d3200b21558b715550319dcb9fa673dab5eeefe5bb960b694ee89e12c464e7a67afe028a2bad257b9cd776b14caed80392599f04963dc138ad0b7b08ee2ce57666cb0c90318ce71e9451552d1684ad5ea7fffd9),
(2, '2', 'Martin ', 'Chipanga', '1962-09-08', '63-263998 P75', '2015-10-10', 'Security GUARD', '0773802928', '7797 10TH CLOSE   \r\nGLEN VEIW 8\r\nHARARE', 'JANEMARY', 'KAHARI', '0774512104', '7797  10TH Ciose\r\nGLEN VIEW 8\r\nHARARE', 'WIFE', 'STEWARD BANK', 'JOINA CITY', '1002204424', NULL);

-- --------------------------------------------------------

--
-- Table structure for table `tbl_monitoring`
--

CREATE TABLE IF NOT EXISTS `tbl_monitoring` (
`id` int(11) NOT NULL,
  `qr_code` varchar(250) NOT NULL,
  `emp_number` varchar(50) NOT NULL,
  `date_time` varchar(50) NOT NULL,
  `mobile_date_time` datetime NOT NULL,
  `gps_lat` varchar(50) NOT NULL,
  `gps_lng` varchar(50) NOT NULL
) ENGINE=InnoDB  DEFAULT CHARSET=latin1 AUTO_INCREMENT=80 ;

--
-- Dumping data for table `tbl_monitoring`
--

INSERT INTO `tbl_monitoring` (`id`, `qr_code`, `emp_number`, `date_time`, `mobile_date_time`, `gps_lat`, `gps_lng`) VALUES
(1, 'CheckPoint1', '122', '2016-04-09 08:52:28', '0000-00-00 00:00:00', '-17.8188252', '31.0448911'),
(2, '', '122', '2016-04-09 08:54:53', '0000-00-00 00:00:00', '-17.818761', '31.0448622'),
(3, '', '122', '2016-04-09 08:56:48', '0000-00-00 00:00:00', '-17.8187265', '31.0448468'),
(4, '...', '122', '2016-04-09 09:12:16', '0000-00-00 00:00:00', '-17.8187345', '31.0448548'),
(5, '...', '122', '2016-04-09 09:12:37', '0000-00-00 00:00:00', '-17.8187565', '31.0448573'),
(6, 'PANIC_ALERT', '122', '2016-04-09 09:19:56', '0000-00-00 00:00:00', '-17.8187338', '31.0448482'),
(7, 'PANIC_ALERT', '122', '2016-04-09 18:24:28', '0000-00-00 00:00:00', '-17.8187436', '31.0447986'),
(8, 'PANIC_ALERT', '122', '2016-04-09 18:45:31', '0000-00-00 00:00:00', '-17.818889', '31.0447214'),
(9, 'PANIC_ALERT', '122', '2016-04-09 18:49:06', '0000-00-00 00:00:00', '-17.8187679', '31.0448059'),
(10, 'PANIC_ALERT', '122', '2016-04-09 18:52:37', '0000-00-00 00:00:00', '-17.8185972', '31.0451184'),
(11, 'PANIC_ALERT', '122', '2016-04-09 18:55:17', '0000-00-00 00:00:00', '-17.818775', '31.0448135'),
(12, 'CheckPoint1', '122', '2016-04-09 18:58:42', '0000-00-00 00:00:00', '-17.8188217', '31.0448444'),
(13, 'PANIC_ALERT', '122', '2016-04-09 18:58:55', '0000-00-00 00:00:00', '-17.8187767', '31.0448016'),
(14, 'PANIC_ALERT', '122', '2016-04-09 19:08:30', '0000-00-00 00:00:00', '-17.8186441', '31.0448146'),
(15, 'PANIC_ALERT', '122', '2016-04-09 19:09:19', '0000-00-00 00:00:00', '-17.8187351', '31.0448269'),
(16, 'Point3_South_Gate', '122', '2016-04-09 19:11:50', '0000-00-00 00:00:00', '-17.8187464', '31.0435856'),
(17, 'PANIC_ALERT', '122', '2016-04-09 19:12:13', '0000-00-00 00:00:00', '-17.818691', '31.0448392'),
(18, 'Point3_South_Gate', '122', '2016-04-09 19:12:37', '0000-00-00 00:00:00', '-17.8187329', '31.0448299'),
(19, 'PANIC_ALERT', '122', '2016-04-09 19:42:46', '0000-00-00 00:00:00', '-17.8187307', '31.04482296'),
(20, 'Point3_South_Gate', '122', '2016-04-09 19:43:18', '0000-00-00 00:00:00', '-17.8187307', '31.04482296'),
(21, 'PANIC_ALERT', '122', '2016-04-09 19:43:48', '0000-00-00 00:00:00', '-17.81868', '31.044869990000002'),
(22, 'PANIC_ALERT', '122', '2016-04-09 19:43:57', '0000-00-00 00:00:00', '-17.81872632', '31.04481954'),
(23, 'Point3_South_Gate', '122', '2016-04-09 19:44:22', '0000-00-00 00:00:00', '-17.81868953', '31.044910950000002'),
(24, 'PANIC_ALERT', '122', '2016-04-09 19:48:23', '0000-00-00 00:00:00', '-17.81868', '31.044869990000002'),
(25, 'Point3_South_Gate', '122', '2016-04-09 19:48:43', '0000-00-00 00:00:00', '-17.81868893', '31.044912150000002'),
(26, 'Point3_South_Gate', '122', '2016-04-09 19:48:53', '0000-00-00 00:00:00', '-17.81868893', '31.044912150000002'),
(27, 'Point3_South_Gate', '122', '2016-04-09 19:49:10', '0000-00-00 00:00:00', '-17.81868923', '31.044911550000002'),
(28, 'Point3_South_Gate', '122', '2016-04-09 19:49:26', '0000-00-00 00:00:00', '-17.81868923', '31.044911550000002'),
(29, 'Point3_South_Gate', '122', '2016-04-09 19:49:49', '0000-00-00 00:00:00', '-17.818887999999998', '31.04403415'),
(30, 'PANIC_ALERT', '122', '2016-04-09 19:50:06', '0000-00-00 00:00:00', '-17.81868', '31.044870000000003'),
(31, 'Point3_South_Gate', '122', '2016-04-09 19:50:31', '0000-00-00 00:00:00', '-17.81868982', '31.04491036'),
(32, 'PANIC_ALERT', '122', '2016-04-09 19:50:51', '0000-00-00 00:00:00', '-17.81868982', '31.04491036'),
(33, 'PANIC_ALERT', '122', '2016-04-09 19:51:21', '0000-00-00 00:00:00', '-17.81868982', '31.04491036'),
(34, 'Point3_South_Gate', '122', '2016-04-09 19:51:36', '0000-00-00 00:00:00', '-17.81869246', '31.04490509'),
(35, 'Point3_South_Gate', '122', '2016-04-09 19:51:53', '0000-00-00 00:00:00', '-17.81869147', '31.04490706'),
(36, 'PANIC_ALERT', '122', '2016-04-09 19:52:00', '0000-00-00 00:00:00', '-17.81869147', '31.04490706'),
(37, 'PANIC_ALERT', '122', '2016-04-09 19:52:11', '0000-00-00 00:00:00', '-17.81869067', '31.04490866'),
(38, 'PANIC_ALERT', '122', '2016-04-09 19:52:24', '0000-00-00 00:00:00', '-17.81869291', '31.04490418'),
(39, 'PANIC_ALERT', '122', '2016-04-09 19:52:31', '0000-00-00 00:00:00', '-17.81869356', '31.044902880000002'),
(40, 'PANIC_ALERT', '122', '2016-04-09 19:52:35', '0000-00-00 00:00:00', '-17.81869356', '31.044902880000002'),
(41, 'PANIC_ALERT', '122', '2016-04-09 19:52:41', '0000-00-00 00:00:00', '-17.81869173', '31.04490655'),
(42, 'PANIC_ALERT', '122', '2016-04-09 19:52:41', '0000-00-00 00:00:00', '-17.81869067', '31.04490866'),
(43, 'Point3_South_Gate', '122', '2016-04-09 19:52:51', '0000-00-00 00:00:00', '-17.81869067', '31.04490866'),
(44, 'Point3_South_Gate', '122', '2016-04-09 19:53:08', '0000-00-00 00:00:00', '-17.818688299999998', '31.04491341'),
(45, 'PANIC_ALERT', '122', '2016-04-09 19:53:19', '0000-00-00 00:00:00', '-17.81869067', '31.04490866'),
(46, 'Point3_South_Gate', '122', '2016-04-09 19:53:43', '0000-00-00 00:00:00', '-17.81869067', '31.04490866'),
(47, 'Point3_South_Gate', '122', '2016-04-09 19:53:59', '0000-00-00 00:00:00', '-17.81869291', '31.04490418'),
(48, 'PANIC_ALERT', '122', '2016-04-09 19:54:08', '0000-00-00 00:00:00', '-17.81869067', '31.04490866'),
(49, 'PANIC_ALERT', '122', '2016-04-09 19:54:16', '0000-00-00 00:00:00', '-17.81869147', '31.04490706'),
(50, 'PANIC_ALERT', '122', '2016-04-09 19:54:17', '0000-00-00 00:00:00', '-17.8192832', '31.0425307'),
(51, 'PANIC_ALERT', '122', '2016-04-09 19:54:32', '0000-00-00 00:00:00', '-17.8192787', '31.0425453'),
(52, 'Point3_South_Gate', '122', '2016-04-09 19:54:34', '0000-00-00 00:00:00', '-17.81869147', '31.04490706'),
(53, 'Point3_South_Gate', '122', '2016-04-09 19:54:53', '0000-00-00 00:00:00', '-17.81869147', '31.04490706'),
(54, 'PANIC_ALERT', '122', '2016-04-09 19:54:59', '0000-00-00 00:00:00', '-17.81869039', '31.04490922'),
(55, 'PANIC_ALERT', '122', '2016-04-09 21:08:45', '0000-00-00 00:00:00', '-17.81868', '31.044870000000003'),
(56, 'PANIC_ALERT', '122', '2016-04-09 21:13:25', '0000-00-00 00:00:00', '-17.81868', '31.044870000000003'),
(57, 'PANIC_ALERT', '122', '2016-04-09 22:01:52', '0000-00-00 00:00:00', '-17.81868', '31.044870000000003'),
(58, 'PANIC_ALERT', '122', '2016-04-09 22:04:38', '0000-00-00 00:00:00', '-17.81868', '31.044870000000003'),
(59, 'PANIC_ALERT', '122', '2016-04-09 22:04:45', '0000-00-00 00:00:00', '-17.81869147', '31.04490706'),
(60, 'PANIC_ALERT', '122', '2016-04-09 22:08:04', '0000-00-00 00:00:00', '-17.81868', '31.044870000000003'),
(61, 'PANIC_ALERT', '122', '2016-04-09 22:22:00', '0000-00-00 00:00:00', '-17.81868', '31.044870000000003'),
(62, 'PANIC_ALERT', '122', '2016-04-09 22:22:25', '0000-00-00 00:00:00', '-17.81868', '31.044870000000003'),
(63, 'PANIC_ALERT', '122', '2016-04-09 22:23:42', '0000-00-00 00:00:00', '-17.81868', '31.044870000000003'),
(64, 'PANIC_ALERT', '122', '2016-04-09 22:26:31', '0000-00-00 00:00:00', '-17.81868', '31.044870000000003'),
(65, 'PANIC_ALERT', '122', '2016-04-09 22:26:42', '0000-00-00 00:00:00', '-17.81869222', '31.04490557'),
(66, 'PANIC_ALERT', '122', '2016-04-09 22:26:52', '0000-00-00 00:00:00', '-17.81869222', '31.04490557'),
(67, 'PANIC_ALERT', '122', '2016-04-09 22:29:05', '0000-00-00 00:00:00', '-17.81818682', '31.043464880000002'),
(68, 'PANIC_ALERT', '122', '2016-04-09 22:31:33', '0000-00-00 00:00:00', '-17.81881434', '31.044398570000002'),
(69, 'PANIC_ALERT', '122', '2016-04-09 22:35:59', '0000-00-00 00:00:00', '-17.81868', '31.044870000000003'),
(70, 'PANIC_ALERT', '122', '2016-04-09 22:36:59', '0000-00-00 00:00:00', '-17.8089619', '30.9995164'),
(71, 'PANIC_ALERT', '122', '2016-04-09 23:11:32', '0000-00-00 00:00:00', '-17.81955892', '31.045219099999997'),
(72, 'PANIC_ALERT', '122', '2016-04-09 23:11:39', '0000-00-00 00:00:00', '-17.81869197', '31.044906060000002'),
(73, 'PANIC_ALERT', '122', '2016-04-09 23:32:25', '0000-00-00 00:00:00', '-17.81868', '31.044870000000003'),
(74, 'Point3_South_Gate', '122', '2016-04-09 23:33:01', '0000-00-00 00:00:00', '-17.8187', '31.044890000000002'),
(75, 'PANIC_ALERT', '122', '2016-04-09 23:33:25', '0000-00-00 00:00:00', '-17.81868', '31.044870000000003'),
(76, 'PANIC_ALERT', '122', '2016-04-09 23:33:47', '0000-00-00 00:00:00', '-17.81868', '31.044870000000003'),
(77, 'PANIC_ALERT', '122', '2016-04-09 23:34:09', '0000-00-00 00:00:00', '-17.81864477', '31.04500412'),
(78, 'Point3_South_Gate', '122', '2016-04-09 23:34:34', '0000-00-00 00:00:00', '-17.81869222', '31.04490557'),
(79, 'Point3_South_Gate', '122', '2016-04-09 23:34:51', '0000-00-00 00:00:00', '-17.81869147', '31.04490706');

-- --------------------------------------------------------

--
-- Table structure for table `tbl_payroll`
--

CREATE TABLE IF NOT EXISTS `tbl_payroll` (
`id` int(11) NOT NULL,
  `Employ_id` varchar(15) NOT NULL,
  `ID_No` varchar(15) DEFAULT NULL,
  `Emp_fname` varchar(15) DEFAULT NULL,
  `Surname` varchar(20) DEFAULT NULL,
  `Employer_name` varchar(50) DEFAULT NULL,
  `Employ_name` varchar(50) DEFAULT NULL,
  `Reference_num` varchar(30) DEFAULT NULL,
  `Date_payed` date DEFAULT NULL,
  `Hours_worked` varchar(5) DEFAULT NULL,
  `Overtime(hrs)` varchar(5) DEFAULT NULL,
  `Basic_salary` varchar(10) DEFAULT NULL,
  `Overtime(US$)` varchar(10) DEFAULT NULL,
  `Payment` varchar(15) DEFAULT NULL,
  `Tax` varchar(15) DEFAULT NULL,
  `VAT` varchar(15) DEFAULT NULL,
  `Levy` varchar(15) DEFAULT NULL,
  `Deductions` varchar(15) DEFAULT NULL,
  `Netpay` varchar(15) DEFAULT NULL,
  `Month` varchar(15) DEFAULT NULL
) ENGINE=InnoDB DEFAULT CHARSET=latin1 AUTO_INCREMENT=1 ;

-- --------------------------------------------------------

--
-- Table structure for table `tbl_payroll_hours`
--

CREATE TABLE IF NOT EXISTS `tbl_payroll_hours` (
`id` int(11) NOT NULL,
  `employee_id` int(11) NOT NULL,
  `in_date` date NOT NULL,
  `in_time` time NOT NULL,
  `out_date` date NOT NULL,
  `out_time` time NOT NULL,
  `hours` decimal(9,2) NOT NULL
) ENGINE=InnoDB  DEFAULT CHARSET=latin1 AUTO_INCREMENT=10 ;

--
-- Dumping data for table `tbl_payroll_hours`
--

INSERT INTO `tbl_payroll_hours` (`id`, `employee_id`, `in_date`, `in_time`, `out_date`, `out_time`, `hours`) VALUES
(1, 122, '2016-04-10', '00:00:00', '2016-04-10', '11:00:00', '11.00'),
(2, 122, '2016-04-09', '00:00:00', '2016-04-09', '05:30:00', '5.50'),
(3, 120, '2016-04-10', '00:00:00', '2016-04-10', '06:00:00', '6.00'),
(4, 122, '2016-04-11', '01:08:57', '2016-04-11', '01:11:54', '0.03'),
(5, 122, '2016-04-11', '01:13:16', '2016-04-11', '01:20:09', '0.10'),
(6, 122, '2016-04-11', '02:36:20', '2016-04-11', '02:39:25', '0.05'),
(7, 122, '2016-04-11', '03:15:13', '2016-04-11', '03:15:57', '0.00'),
(8, 122, '2016-04-14', '21:28:11', '2016-04-14', '21:28:45', '0.00'),
(9, 122, '2016-05-04', '00:27:13', '2016-05-04', '00:27:58', '7.00');

-- --------------------------------------------------------

--
-- Table structure for table `tbl_shift`
--

CREATE TABLE IF NOT EXISTS `tbl_shift` (
`id` int(11) NOT NULL,
  `contract_id` int(11) DEFAULT NULL,
  `site_id` int(11) DEFAULT NULL,
  `date` date DEFAULT NULL,
  `start_time` time DEFAULT NULL,
  `end_time` time DEFAULT NULL,
  `employee_id` int(11) DEFAULT NULL
) ENGINE=InnoDB  DEFAULT CHARSET=latin1 AUTO_INCREMENT=22 ;

--
-- Dumping data for table `tbl_shift`
--

INSERT INTO `tbl_shift` (`id`, `contract_id`, `site_id`, `date`, `start_time`, `end_time`, `employee_id`) VALUES
(1, 0, 1, '2016-04-16', '08:00:00', '16:00:00', 1),
(2, 0, 1, '2016-04-16', '08:00:00', '16:00:00', 1),
(3, 0, 2, '2016-04-16', '08:00:00', '16:00:00', 2),
(4, 0, 1, '2016-04-16', '01:00:00', '02:15:00', 8),
(5, 0, 1, '2016-04-16', '00:15:00', '01:15:00', 3),
(6, 0, 1, '2016-04-16', '00:15:00', '01:15:00', 3),
(7, 0, 1, '2016-04-16', '00:15:00', '01:15:00', 4),
(8, 0, 1, '2016-04-16', '00:15:00', '01:15:00', 5),
(9, 0, 1, '2016-04-16', '00:15:00', '01:15:00', 6),
(10, 0, 1, '2016-04-16', '00:15:00', '01:15:00', 7),
(11, 0, 1, '2016-04-16', '00:15:00', '01:15:00', 7),
(12, 0, 1, '2016-04-16', '00:15:00', '01:15:00', 7),
(13, 0, 1, '2016-04-16', '00:15:00', '01:15:00', 7),
(14, 0, 1, '2016-04-16', '00:15:00', '01:15:00', 7),
(15, 0, 1, '2016-04-16', '00:15:00', '01:15:00', 7),
(16, 0, 1, '2016-04-16', '00:15:00', '01:15:00', 7),
(17, 0, 2, '2016-04-22', '00:15:00', '00:00:00', 1),
(18, 0, 2, '2016-05-11', '10:30:00', '22:30:00', 1),
(19, 0, 2, '2016-05-11', '10:30:00', '22:30:00', 1),
(20, 0, 2, '2016-05-11', '10:30:00', '22:30:00', 1),
(21, 0, 2, '2016-05-11', '10:30:00', '22:30:00', 1);

-- --------------------------------------------------------

--
-- Table structure for table `tbl_site`
--

CREATE TABLE IF NOT EXISTS `tbl_site` (
`id` int(11) NOT NULL,
  `contract_id` int(11) DEFAULT NULL,
  `name` varchar(250) DEFAULT NULL,
  `address` varchar(250) DEFAULT NULL,
  `contact_name` varchar(50) DEFAULT NULL,
  `contact_number` varchar(50) DEFAULT NULL,
  `coordinates` varchar(250) DEFAULT NULL,
  `instructions` text
) ENGINE=InnoDB  DEFAULT CHARSET=latin1 AUTO_INCREMENT=4 ;

--
-- Dumping data for table `tbl_site`
--

INSERT INTO `tbl_site` (`id`, `contract_id`, `name`, `address`, `contact_name`, `contact_number`, `coordinates`, `instructions`) VALUES
(1, 1, 'Entrance', '12\r\nFive street\r\nHarare', 'Mary Jane', '04237677', '17.9293923,-30.239928', 'Guard services for 24hrs'),
(2, 1, 'Exit Gate', '12\r\nFive street\r\nHarare', 'Mary Jane', '04237677', '17.9293923,-30.239928', 'Guard services for 24hrs'),
(3, 1, 'Ok Marimba', 'Marimba', '', '', '', '');

-- --------------------------------------------------------

--
-- Table structure for table `tbl_user`
--

CREATE TABLE IF NOT EXISTS `tbl_user` (
`id` int(11) NOT NULL,
  `fullname` varchar(200) DEFAULT NULL,
  `username` varchar(200) DEFAULT NULL,
  `password` varchar(200) DEFAULT NULL,
  `level` varchar(50) DEFAULT NULL
) ENGINE=InnoDB  DEFAULT CHARSET=latin1 AUTO_INCREMENT=9 ;

--
-- Dumping data for table `tbl_user`
--

INSERT INTO `tbl_user` (`id`, `fullname`, `username`, `password`, `level`) VALUES
(1, 'Test Amin', 'admin', '123', 'Administrator'),
(2, 'Test Clerk', 'clerk', '123', 'Clerk'),
(5, 'Test Cleck', 'clerk', '5555', 'Clerk'),
(6, 'Test Clerk', 'clerk', 'maths', 'Clerk'),
(7, 'Administrator', 'Admin', '4286e9c7cc9e2cd29bfca3b079055a325ec21a33', 'Administrator'),
(8, 'Makoni', 'Admin', '234306c0b6eff1f32853a3b76f4a99a47a8e8018', 'Administrator');

--
-- Indexes for dumped tables
--

--
-- Indexes for table `tbl_contract`
--
ALTER TABLE `tbl_contract`
 ADD PRIMARY KEY (`id`);

--
-- Indexes for table `tbl_deployment`
--
ALTER TABLE `tbl_deployment`
 ADD PRIMARY KEY (`id`);

--
-- Indexes for table `tbl_displinary`
--
ALTER TABLE `tbl_displinary`
 ADD PRIMARY KEY (`id`);

--
-- Indexes for table `tbl_employee`
--
ALTER TABLE `tbl_employee`
 ADD PRIMARY KEY (`id`);

--
-- Indexes for table `tbl_monitoring`
--
ALTER TABLE `tbl_monitoring`
 ADD PRIMARY KEY (`id`);

--
-- Indexes for table `tbl_payroll`
--
ALTER TABLE `tbl_payroll`
 ADD PRIMARY KEY (`id`);

--
-- Indexes for table `tbl_payroll_hours`
--
ALTER TABLE `tbl_payroll_hours`
 ADD PRIMARY KEY (`id`);

--
-- Indexes for table `tbl_shift`
--
ALTER TABLE `tbl_shift`
 ADD PRIMARY KEY (`id`);

--
-- Indexes for table `tbl_site`
--
ALTER TABLE `tbl_site`
 ADD PRIMARY KEY (`id`);

--
-- Indexes for table `tbl_user`
--
ALTER TABLE `tbl_user`
 ADD PRIMARY KEY (`id`);

--
-- AUTO_INCREMENT for dumped tables
--

--
-- AUTO_INCREMENT for table `tbl_contract`
--
ALTER TABLE `tbl_contract`
MODIFY `id` int(11) NOT NULL AUTO_INCREMENT,AUTO_INCREMENT=3;
--
-- AUTO_INCREMENT for table `tbl_deployment`
--
ALTER TABLE `tbl_deployment`
MODIFY `id` int(11) NOT NULL AUTO_INCREMENT,AUTO_INCREMENT=22;
--
-- AUTO_INCREMENT for table `tbl_displinary`
--
ALTER TABLE `tbl_displinary`
MODIFY `id` int(11) NOT NULL AUTO_INCREMENT,AUTO_INCREMENT=4;
--
-- AUTO_INCREMENT for table `tbl_employee`
--
ALTER TABLE `tbl_employee`
MODIFY `id` int(11) NOT NULL AUTO_INCREMENT,AUTO_INCREMENT=3;
--
-- AUTO_INCREMENT for table `tbl_monitoring`
--
ALTER TABLE `tbl_monitoring`
MODIFY `id` int(11) NOT NULL AUTO_INCREMENT,AUTO_INCREMENT=80;
--
-- AUTO_INCREMENT for table `tbl_payroll`
--
ALTER TABLE `tbl_payroll`
MODIFY `id` int(11) NOT NULL AUTO_INCREMENT;
--
-- AUTO_INCREMENT for table `tbl_payroll_hours`
--
ALTER TABLE `tbl_payroll_hours`
MODIFY `id` int(11) NOT NULL AUTO_INCREMENT,AUTO_INCREMENT=10;
--
-- AUTO_INCREMENT for table `tbl_shift`
--
ALTER TABLE `tbl_shift`
MODIFY `id` int(11) NOT NULL AUTO_INCREMENT,AUTO_INCREMENT=22;
--
-- AUTO_INCREMENT for table `tbl_site`
--
ALTER TABLE `tbl_site`
MODIFY `id` int(11) NOT NULL AUTO_INCREMENT,AUTO_INCREMENT=4;
--
-- AUTO_INCREMENT for table `tbl_user`
--
ALTER TABLE `tbl_user`
MODIFY `id` int(11) NOT NULL AUTO_INCREMENT,AUTO_INCREMENT=9;
/*!40101 SET CHARACTER_SET_CLIENT=@OLD_CHARACTER_SET_CLIENT */;
/*!40101 SET CHARACTER_SET_RESULTS=@OLD_CHARACTER_SET_RESULTS */;
/*!40101 SET COLLATION_CONNECTION=@OLD_COLLATION_CONNECTION */;
